-- phpMyAdmin SQL Dump
-- version 5.2.0
-- https://www.phpmyadmin.net/
--
-- Хост: 127.0.0.1:3306
-- Время создания: Июл 02 2023 г., 16:47
-- Версия сервера: 8.0.30
-- Версия PHP: 8.0.22

SET SQL_MODE = "NO_AUTO_VALUE_ON_ZERO";
START TRANSACTION;
SET time_zone = "+00:00";


/*!40101 SET @OLD_CHARACTER_SET_CLIENT=@@CHARACTER_SET_CLIENT */;
/*!40101 SET @OLD_CHARACTER_SET_RESULTS=@@CHARACTER_SET_RESULTS */;
/*!40101 SET @OLD_COLLATION_CONNECTION=@@COLLATION_CONNECTION */;
/*!40101 SET NAMES utf8mb4 */;

--
-- База данных: `mydb`
--

-- --------------------------------------------------------

--
-- Структура таблицы `news`
--

CREATE TABLE `news` (
  `id_new` int NOT NULL,
  `date_new` date DEFAULT NULL,
  `url_new` varchar(300) DEFAULT NULL,
  `txt_new` varchar(1000) DEFAULT NULL
) ENGINE=InnoDB DEFAULT CHARSET=utf8mb3;

--
-- Дамп данных таблицы `news`
--

INSERT INTO `news` (`id_new`, `date_new`, `url_new`, `txt_new`) VALUES
(5, '2023-06-01', 'upload/papan-bakery/information_system_20/information_items_249.jpg', '1'),
(6, '2023-06-04', 'upload/foto/1688304559.1645035222_11-fikiwiki-com-p-kartinki-yaitsa-dlya-detei-11.jpg', '2'),
(7, '2023-07-02', 'upload/foto/1688304460.IMG_3488.png', '3232');

-- --------------------------------------------------------

--
-- Структура таблицы `orders`
--

CREATE TABLE `orders` (
  `id_order` int NOT NULL,
  `date_order` date DEFAULT NULL,
  `sum_order` decimal(9,2) DEFAULT NULL,
  `users_id_user` int NOT NULL
) ENGINE=InnoDB DEFAULT CHARSET=utf8mb3;

--
-- Дамп данных таблицы `orders`
--

INSERT INTO `orders` (`id_order`, `date_order`, `sum_order`, `users_id_user`) VALUES
(58, '2023-06-27', '2.00', 7),
(59, '2023-06-27', '2.00', 7),
(60, '2023-06-27', '2.00', 7),
(61, '2023-06-27', '2.00', 7),
(62, '2023-06-27', '2.00', 7),
(63, '2023-06-27', '2.00', 7),
(64, '2023-06-27', '2.00', 7),
(65, '2023-06-27', '2.00', 7),
(66, '2023-06-27', '2.00', 7),
(67, '2023-06-27', '2.00', 7),
(68, '2023-06-27', '2.00', 7),
(69, '2023-06-27', '2.00', 7),
(70, '2023-06-27', '2.00', 7),
(71, '2023-06-27', '2.00', 7),
(72, '2023-06-27', '2.00', 7),
(73, '2023-06-27', '2.00', 7),
(74, '2023-06-27', '2.00', 7),
(75, '2023-06-29', '2.00', 7),
(76, '2023-06-29', '2.00', 7),
(77, '2023-06-30', '2.00', 7),
(78, '2023-07-01', '2.00', 7),
(79, '2023-07-01', '2.00', 7),
(80, '2023-07-02', '2.00', 8),
(81, '2023-07-02', '2.00', 8);

-- --------------------------------------------------------

--
-- Структура таблицы `products`
--

CREATE TABLE `products` (
  `id_dish` int NOT NULL,
  `name_dish` varchar(100) DEFAULT NULL
) ENGINE=InnoDB DEFAULT CHARSET=utf8mb3;

--
-- Дамп данных таблицы `products`
--

INSERT INTO `products` (`id_dish`, `name_dish`) VALUES
(1, 'Батон'),
(2, 'Багет французский'),
(3, 'Ржаной круглый'),
(4, 'Хлеб Бородинский'),
(5, 'Хлеб Злаковый'),
(6, 'Хлеб Кукурузный'),
(7, 'Хлеб Деревенский'),
(8, 'Багет с сыром'),
(9, 'Хлеб Атлетик'),
(10, 'Хлеб Провансаль'),
(11, 'Пирожок с мясом (50гр)'),
(12, 'Пирожок с капустой (50гр)'),
(13, 'Пирожок с картофелем (50гр)'),
(14, 'Пирожок с яйцом и зеленью (50гр)'),
(15, 'Пирожок с картофелем и грибами (50гр)'),
(16, 'Булочка с маком (120гр)'),
(17, 'Булочка с корицей (120гр)'),
(18, 'Булочка с яблоком (120гр)'),
(19, 'Булочка с вишней (120гр)'),
(20, 'Булочка с абрикосом (120гр)'),
(21, 'Булочка с клубникой (120гр)'),
(22, 'Булочка со смородиной (120гр)'),
(23, 'Булочка с ежевикой (120гр)'),
(24, 'Чайная булочка с творогом (160гр)'),
(25, 'Булочка с  ветчиной и сыром (120гр)'),
(26, 'Булочка с банановым кремом (150гр)'),
(27, 'Булочка с шоколадным кремом (150гр)'),
(28, 'Булочка со сливочно-ванильным кремом (150гр)'),
(29, 'Кутаб с зеленью и сыром (120гр)'),
(30, 'Кутаб с зеленью (120гр)'),
(31, 'Кутаб с мясом (120гр)'),
(32, 'Кутаб с сыром (120гр))'),
(33, 'Ватрушка (120гр)'),
(34, 'Венгерка (160гр)'),
(35, 'Плюшка (100гр)'),
(36, 'Сочник (150гр)'),
(37, 'Курник (160гр)'),
(38, 'Рыбник (160гр)'),
(39, 'Сосиска в тесте (110гр)'),
(40, 'Хачапури слоёное (85гр)'),
(41, 'Хачапури с копченым сыром (160гр)'),
(42, 'Хачапури по-мегрельски (250гр)'),
(43, 'Беляш (180гр)'),
(44, 'Кулебяка (160гр)'),
(45, 'Рогалик с сыром (160гр)'),
(46, 'Самса с говядиной (120гр)'),
(47, 'Самса с курицей (120гр)'),
(48, 'Косичка с творогом и изюмом (160гр)'),
(49, 'Косичка с маком (160гр)'),
(50, 'Гнездышко с жульеном (120гр)'),
(51, 'Гнездышко с ветчиной, сыром и ананасом (120гр)'),
(52, 'Гнездышко со шпинатом и яйцом (120гр)'),
(53, 'Кесадилья (230гр)'),
(54, 'Чебурек с сыром (120гр)'),
(55, 'Чебурек с мясом (120гр)'),
(56, 'Расстегай (160гр)'),
(57, 'Шаурма (250гр)'),
(58, 'Пицца мини (250гр)'),
(59, 'Лепешка с сыром и чесноком (100гр)'),
(60, 'Косичка с курагой и орехом (250гр)'),
(61, 'Слойка (плацинда) с творогом и зеленью (130гр)'),
(62, 'Слойка (плацинда) с капустой (130гр)'),
(63, 'Слойка (плацинда) с яблоком (130гр)'),
(64, 'Слойка (плацинда) с картофелем (130гр)'),
(65, 'Берлинское (120гр)'),
(66, 'Бриошь с грецким орехом (140гр)'),
(67, 'Бриошь с клубникой (160гр)'),
(68, 'Кольцо с корицей (125гр)'),
(69, 'Кольцо слоеное с творогом (130гр)'),
(70, 'Круассан классический (75гр)'),
(71, 'Круассан с абрикосом (140гр)'),
(72, 'Круассан с ветчиной и сыром (130гр)'),
(73, 'Круассан с вишней (140гр)'),
(74, 'Круассан с миндалем (160гр)'),
(75, 'Круассан с шоколадом (120гр)'),
(76, 'Слойка с грушей (140гр)'),
(77, 'Слойка с яблоком (140гр)'),
(78, 'Улитка с изюмом (160гр)'),
(79, 'Французский язык (150гр)'),
(80, 'С сыром'),
(81, 'С картошкой и сыром'),
(82, 'С зеленью и сыром'),
(83, 'С капустой'),
(84, 'С мясом'),
(85, 'С ягодами сдобный'),
(86, 'С мясом сдобный'),
(87, 'С капустой сдобный'),
(88, 'С картофелем и грибами сдобный'),
(89, 'Творожно-ягодный сдобный'),
(90, 'С жульеном слоеный'),
(91, 'С мясом слоеный'),
(92, 'С рыбой слоеный'),
(93, 'Творожно-ягодный песочный'),
(94, 'Лимонник песочный'),
(95, 'Штрудель с вишней слоеный'),
(96, 'Штрудель с яблоком слоеный'),
(97, 'Классическая'),
(98, 'Пепперони'),
(99, 'Цезарь'),
(100, 'Делюкс'),
(101, 'Густосо'),
(102, 'Маргарита'),
(103, 'Сицилия'),
(104, 'Четыре сыра'),
(105, 'Средиземноморье'),
(106, 'Кольцоне закрытая'),
(107, 'Вердура овощная'),
(108, 'Перфетто'),
(109, 'Перченто'),
(110, 'Сырники'),
(111, 'Лазанья овощная'),
(112, 'Лазанья мясная'),
(113, 'Ачма');

-- --------------------------------------------------------

--
-- Структура таблицы `products_has_orders`
--

CREATE TABLE `products_has_orders` (
  `orders_swyaz` int NOT NULL,
  `products_swyaz` int NOT NULL,
  `kolvo` int NOT NULL,
  `id_ds` int NOT NULL
) ENGINE=InnoDB DEFAULT CHARSET=utf8mb3;

--
-- Дамп данных таблицы `products_has_orders`
--

INSERT INTO `products_has_orders` (`orders_swyaz`, `products_swyaz`, `kolvo`, `id_ds`) VALUES
(66, 1, 1, 105),
(70, 1, 1, 106),
(70, 7, 1, 107),
(70, 5, 1, 108),
(70, 6, 1, 109),
(71, 22, 1, 110),
(71, 19, 1, 111),
(71, 23, 1, 112),
(71, 20, 1, 113),
(71, 16, 3, 114),
(72, 1, 2, 115),
(72, 2, 2, 116),
(72, 3, 2, 117),
(73, 1, 1, 118),
(73, 3, 2, 119),
(73, 5, 1, 120),
(73, 2, 1, 121),
(73, 4, 2, 122),
(74, 1, 1, 123),
(74, 2, 4, 124),
(75, 1, 2, 125),
(75, 2, 2, 126),
(76, 1, 3, 127),
(76, 2, 2, 128),
(77, 112, 1, 129),
(77, 57, 1, 130),
(78, 16, 6, 131),
(79, 16, 6, 132),
(80, 1, 2, 133),
(80, 2, 2, 134),
(80, 3, 1, 135),
(81, 17, 1, 136),
(81, 16, 2, 137);

-- --------------------------------------------------------

--
-- Структура таблицы `users`
--

CREATE TABLE `users` (
  `id_user` int NOT NULL,
  `username` varchar(45) DEFAULT NULL,
  `password` varchar(80) DEFAULT NULL,
  `email` varchar(80) DEFAULT NULL,
  `phone` varchar(20) NOT NULL,
  `accountlvl` varchar(1) DEFAULT '0'
) ENGINE=InnoDB DEFAULT CHARSET=utf8mb3;

--
-- Дамп данных таблицы `users`
--

INSERT INTO `users` (`id_user`, `username`, `password`, `email`, `phone`, `accountlvl`) VALUES
(7, 'admin', '$2y$10$BWviXNJow/X3n6hUFuBRdeP4ONdGk3z/lbMyTdMeJisaMpJ/p6XMS', '1@1', '+7(777) 777-77-77', '2'),
(8, '2@2', '$2y$10$SodJsaF3sKtUqNottH4iSuR4m6h8Khoc5BWFCB3Fq1K1Z1TmbMt6q', '2@2', '+7(123) 213-23-13', '0'),
(9, 'ffg', '$2y$10$ixNrKFNVV/OmAdDK8dlOrOmTc3XEMU22lhF6KF3FthB2oSUcE2mFG', '3@1', '+4(765) 677-87-87', '0'),
(10, 'арт', '$2y$10$djt7.iOfk1HS7RD7PQwrROsSiYgcIKgknvUCmolQzFVEyQp1hyn2K', '222@1', '+7(910) 805-22-59', '0');

--
-- Индексы сохранённых таблиц
--

--
-- Индексы таблицы `news`
--
ALTER TABLE `news`
  ADD PRIMARY KEY (`id_new`);

--
-- Индексы таблицы `orders`
--
ALTER TABLE `orders`
  ADD PRIMARY KEY (`id_order`,`users_id_user`),
  ADD KEY `fk_orders_users1_idx` (`users_id_user`);

--
-- Индексы таблицы `products`
--
ALTER TABLE `products`
  ADD PRIMARY KEY (`id_dish`);

--
-- Индексы таблицы `products_has_orders`
--
ALTER TABLE `products_has_orders`
  ADD PRIMARY KEY (`id_ds`),
  ADD KEY `orders_INDEX` (`orders_swyaz`),
  ADD KEY `products_INDEX` (`products_swyaz`) USING BTREE;

--
-- Индексы таблицы `users`
--
ALTER TABLE `users`
  ADD PRIMARY KEY (`id_user`);

--
-- AUTO_INCREMENT для сохранённых таблиц
--

--
-- AUTO_INCREMENT для таблицы `news`
--
ALTER TABLE `news`
  MODIFY `id_new` int NOT NULL AUTO_INCREMENT, AUTO_INCREMENT=8;

--
-- AUTO_INCREMENT для таблицы `orders`
--
ALTER TABLE `orders`
  MODIFY `id_order` int NOT NULL AUTO_INCREMENT, AUTO_INCREMENT=82;

--
-- AUTO_INCREMENT для таблицы `products`
--
ALTER TABLE `products`
  MODIFY `id_dish` int NOT NULL AUTO_INCREMENT, AUTO_INCREMENT=114;

--
-- AUTO_INCREMENT для таблицы `products_has_orders`
--
ALTER TABLE `products_has_orders`
  MODIFY `id_ds` int NOT NULL AUTO_INCREMENT, AUTO_INCREMENT=138;

--
-- AUTO_INCREMENT для таблицы `users`
--
ALTER TABLE `users`
  MODIFY `id_user` int NOT NULL AUTO_INCREMENT, AUTO_INCREMENT=11;

--
-- Ограничения внешнего ключа сохраненных таблиц
--

--
-- Ограничения внешнего ключа таблицы `orders`
--
ALTER TABLE `orders`
  ADD CONSTRAINT `fk_orders_users1` FOREIGN KEY (`users_id_user`) REFERENCES `users` (`id_user`);
COMMIT;

/*!40101 SET CHARACTER_SET_CLIENT=@OLD_CHARACTER_SET_CLIENT */;
/*!40101 SET CHARACTER_SET_RESULTS=@OLD_CHARACTER_SET_RESULTS */;
/*!40101 SET COLLATION_CONNECTION=@OLD_COLLATION_CONNECTION */;
